{
  "blau_approx_avg_return": {
    "mean": 5.201340384602956,
    "std": 0.06606836302494945,
    "ci95_low": 5.126576993735306,
    "ci95_high": 5.276103775470606
  },
  "blau_approx_last_avg_return": {
    "mean": 4.45947752496084,
    "std": 0.28539933276687024,
    "ci95_low": 4.136517777025835,
    "ci95_high": 4.782437272895844
  },
  "blau_approx_avg_bank_ig": {
    "mean": 4.580966262287563,
    "std": 0.021652693637004037,
    "ci95_low": 4.556463932827554,
    "ci95_high": 4.605468591747573
  },
  "blau_approx_last_avg_bank_ig": {
    "mean": 4.1678884629408515,
    "std": 0.14734922488215324,
    "ci95_low": 4.0011471182256875,
    "ci95_high": 4.3346298076560155
  },
  "blau_approx_avg_filter_bank_ig": {
    "mean": 4.754556678930919,
    "std": 0.04276123743160311,
    "ci95_low": 4.706167783524564,
    "ci95_high": 4.802945574337273
  },
  "blau_approx_last_avg_filter_bank_ig": {
    "mean": 4.49712650126881,
    "std": 0.16085379759904153,
    "ci95_low": 4.315103293914609,
    "ci95_high": 4.679149708623012
  },
  "blau_approx_avg_spce_lower": {
    "mean": 6.101732074949477,
    "std": 0.05929651371197377,
    "ci95_low": 6.034631752968393,
    "ci95_high": 6.168832396930561
  },
  "blau_approx_last_avg_spce_lower": {
    "mean": 4.987160221735636,
    "std": 0.36799853776205027,
    "ci95_low": 4.570730674252552,
    "ci95_high": 5.403589769218721
  },
  "blau_approx_avg_snmc_style_upper": {
    "mean": 12.150248244073657,
    "std": 0.43877139990701863,
    "ci95_low": 11.653731663809566,
    "ci95_high": 12.646764824337748
  },
  "blau_approx_last_avg_snmc_style_upper": {
    "mean": 7.211059803962708,
    "std": 0.9980892542020974,
    "ci95_low": 6.081615488768554,
    "ci95_high": 8.340504119156861
  },
  "control_filter_exact_avg_return": {
    "mean": 5.325906530312934,
    "std": 0.09378444515173237,
    "ci95_low": 5.219779439990795,
    "ci95_high": 5.432033620635073
  },
  "control_filter_exact_last_avg_return": {
    "mean": 5.202530813917201,
    "std": 0.06922687987900777,
    "ci95_low": 5.124193224759927,
    "ci95_high": 5.280868403074474
  },
  "control_filter_exact_avg_bank_ig": {
    "mean": 4.667574200630188,
    "std": 0.21064043593056805,
    "ci95_low": 4.42921210835219,
    "ci95_high": 4.905936292908186
  },
  "control_filter_exact_last_avg_bank_ig": {
    "mean": 4.608199520905813,
    "std": 0.11473610091200215,
    "ci95_low": 4.47836340016108,
    "ci95_high": 4.738035641650545
  },
  "control_filter_exact_avg_filter_bank_ig": {
    "mean": 4.817313640912374,
    "std": 0.2560561683406031,
    "ci95_low": 4.527558809382916,
    "ci95_high": 5.107068472441832
  },
  "control_filter_exact_last_avg_filter_bank_ig": {
    "mean": 4.854658243126339,
    "std": 0.12005530508423631,
    "ci95_low": 4.718802876218607,
    "ci95_high": 4.990513610034071
  },
  "control_filter_exact_avg_spce_lower": {
    "mean": 6.270787778960333,
    "std": 0.20872067226922544,
    "ci95_low": 6.034598103772982,
    "ci95_high": 6.506977454147684
  },
  "control_filter_exact_last_avg_spce_lower": {
    "mean": 6.134609180026584,
    "std": 0.14470660984864514,
    "ci95_low": 5.970858235733303,
    "ci95_high": 6.298360124319865
  },
  "control_filter_exact_avg_snmc_style_upper": {
    "mean": 14.162561440467835,
    "std": 1.315585848057343,
    "ci95_low": 12.673835907172615,
    "ci95_high": 15.651286973763055
  },
  "control_filter_exact_last_avg_snmc_style_upper": {
    "mean": 12.38171660370297,
    "std": 0.9014122764253586,
    "ci95_low": 11.361672587630741,
    "ci95_high": 13.401760619775198
  },
  "ours_ebm_cross_filter_avg_return": {
    "mean": 5.374665815315011,
    "std": 0.08823090475390712,
    "ci95_low": 5.274823147558407,
    "ci95_high": 5.474508483071616
  },
  "ours_ebm_cross_filter_last_avg_return": {
    "mean": 5.014212163320683,
    "std": 0.6301596825225497,
    "ci95_low": 4.301119353140471,
    "ci95_high": 5.727304973500895
  },
  "ours_ebm_cross_filter_avg_bank_ig": {
    "mean": 4.669285564952427,
    "std": 0.10842357283942967,
    "ci95_low": 4.54659274218035,
    "ci95_high": 4.791978387724505
  },
  "ours_ebm_cross_filter_last_avg_bank_ig": {
    "mean": 4.353041259712643,
    "std": 0.46068632564552886,
    "ci95_low": 3.8317256064307283,
    "ci95_high": 4.874356912994557
  },
  "ours_ebm_cross_filter_avg_filter_bank_ig": {
    "mean": 4.806439962387085,
    "std": 0.06446635523677961,
    "ci95_low": 4.733489413989813,
    "ci95_high": 4.879390510784357
  },
  "ours_ebm_cross_filter_last_avg_filter_bank_ig": {
    "mean": 4.626611304283141,
    "std": 0.2444399469236693,
    "ci95_low": 4.350001464735268,
    "ci95_high": 4.903221143831015
  },
  "ours_ebm_cross_filter_avg_spce_lower": {
    "mean": 6.397813571823967,
    "std": 0.2541210597262586,
    "ci95_low": 6.110248521834139,
    "ci95_high": 6.685378621813795
  },
  "ours_ebm_cross_filter_last_avg_spce_lower": {
    "mean": 5.878872458404966,
    "std": 1.0795914280670846,
    "ci95_low": 4.657199751250652,
    "ci95_high": 7.1005451655592795
  },
  "ours_ebm_cross_filter_avg_snmc_style_upper": {
    "mean": 15.594227980507744,
    "std": 3.3053922548398806,
    "ci95_low": 11.85382452861389,
    "ci95_high": 19.334631432401597
  },
  "ours_ebm_cross_filter_last_avg_snmc_style_upper": {
    "mean": 14.204066954718696,
    "std": 7.5521693812818445,
    "ci95_low": 5.6579827852312,
    "ci95_high": 22.75015112420619
  },
  "ours_ebm_cross_filter_avg_actor_belief_feature_mae": {
    "mean": 0.1562739055973081,
    "std": 0.02602659413051757,
    "ci95_low": 0.12682204178771495,
    "ci95_high": 0.18572576940690128
  },
  "ours_ebm_cross_filter_last_avg_actor_belief_feature_mae": {
    "mean": 0.16311633457329464,
    "std": 0.023289095224752327,
    "ci95_low": 0.1367622423947952,
    "ci95_high": 0.18947042675179407
  },
  "ours_ebm_cross_filter_avg_actor_belief_prob_l1": {
    "mean": 0.8266837321062296,
    "std": 0.12526497691368488,
    "ci95_low": 0.6849330665495791,
    "ci95_high": 0.9684343976628801
  },
  "ours_ebm_cross_filter_last_avg_actor_belief_prob_l1": {
    "mean": 0.853538830593763,
    "std": 0.1769920631952954,
    "ci95_low": 0.6532534565465101,
    "ci95_high": 1.0538242046410158
  },
  "ours_ebm_cross_filter_avg_actor_belief_map_to_exact_distance": {
    "mean": 0.4474433988928795,
    "std": 0.06138743544944125,
    "ci95_low": 0.37797697622495197,
    "ci95_high": 0.516909821560807
  },
  "ours_ebm_cross_filter_last_avg_actor_belief_map_to_exact_distance": {
    "mean": 0.5255730149039516,
    "std": 0.08398040814610673,
    "ci95_low": 0.43054023685432524,
    "ci95_high": 0.620605792953578
  },
  "ours_ebm_cross_filter_avg_actor_belief_map_to_true_distance": {
    "mean": 0.9609911335430764,
    "std": 0.027692777100743447,
    "ci95_low": 0.9296538062081803,
    "ci95_high": 0.9923284608779726
  },
  "ours_ebm_cross_filter_last_avg_actor_belief_map_to_true_distance": {
    "mean": 1.0155614749104889,
    "std": 0.042034828441127686,
    "ci95_low": 0.9679945886594723,
    "ci95_high": 1.0631283611615054
  },
  "ours_ebm_cross_filter_avg_full_belief_mean_error": {
    "mean": 0.14981501211114098,
    "std": 0.025288313334439802,
    "ci95_low": 0.12119859166959976,
    "ci95_high": 0.1784314325526822
  },
  "ours_ebm_cross_filter_last_avg_full_belief_mean_error": {
    "mean": 0.15824385494124404,
    "std": 0.025988860697619746,
    "ci95_low": 0.12883469053062724,
    "ci95_high": 0.18765301935186085
  },
  "ours_ebm_cross_filter_avg_full_belief_kl": {
    "mean": 1.0018605334612678,
    "std": 0.19862165137739413,
    "ci95_low": 0.7770989762375998,
    "ci95_high": 1.2266220906849357
  },
  "ours_ebm_cross_filter_last_avg_full_belief_kl": {
    "mean": 1.0498595408636868,
    "std": 0.21681654564803285,
    "ci95_low": 0.8045085225141599,
    "ci95_high": 1.2952105592132137
  },
  "ours_ebm_cross_filter_avg_full_belief_l1": {
    "mean": 0.8266837321062296,
    "std": 0.12526497691368488,